U;100;1;100;530
UA 1000 - UA 1210;100;2;25;530.05
UA 1230 - UA 9999;100;4;100;530.05
UB;25;4;25;530.01
UB;50;4;50;530.03
UB 1001 - UB 1010;50;4;50;530.03
UB 1012;50;4;50;530.029
UB 1014;50;4;50;530.029
UB 1015;100;2;50;530.014
UB 1020;50;4;25;025.524
UB 1024;50;3;100;808.027
UB 1024;50;3;100;808.0665
UB 1025;50;4;50;016.53005
UB 1027;25;4;25;530.07
UB 1028;100;2;25;011.75
UB 1030 - UB 1067;50;2;50;016.53
UB 1030;100;2;25;016.53005
UB 1031;50;2;50;016.53009
UB 1036;25;4;25;016.531
UB 1036;25;4;25;016.532
UB 1036;25;4;25;016.533
UB 1036;25;4;25;016.534
UB 1038;25;4;25;016.53013
UB 1038;25;4;25;016.536
UB 1040;25;4;25;016.537
UB 1040;25;4;25;016.535
UB 1040;25;4;25;016.53011
UB 1040;25;4;25;016.53014
UB 1044;100;2;50;016.53012
UB 1046;100;2;25;016.530144
UB 1048;50;4;50;016.5396
UB 1048;50;4;25;016.5397
UB 1050;100;4;25;016.5397
UB 1052;100;2;50;016.53972
UB 1052;100;2;50;016.53976
UB 1054;100;2;50;016.53041
UB 1056;25;4;50;016.669
UB 1056;25;4;50;016.548
UB 1056;25;4;50;016.549
UB 1056;25;4;25;016.62011
UB 1058;25;4;50;016.53042
UB 1058;25;4;50;016.53043
UB 1058;25;4;50;016.53044
UB 1062;100;2;50;016.52
UB 1064;25;4;25;016.5515
UB 1065;25;4;25;016.620192
UB 1067;25;4;25;016.530078
UB 1070 - UB 1107;50;2;50;016.53
UB 1070;25;2;25;016.53
UB 1076;25;4;25;016.531
UB 1076;25;4;25;016.532
UB 1076;25;4;25;016.533
UB 1076;25;4;25;016.534
UB 1078;25;4;25;016.530133
UB 1078;25;4;25;016.5367
UB 1080;25;4;25;016.537
UB 1080;25;4;25;016.535
UB 1080;25;4;25;016.53011
UB 1080;25;4;25;016.53014
UB 1084;100;2;50;016.53012
UB 1086;100;2;25;016.530144
UB 1088;50;4;50;016.5396
UB 1088;50;4;25;016.5397
UB 1090;100;4;25;016.5397
UB 1092;100;2;50;016.53972
UB 1092;100;2;50;016.53976
UB 1094;100;2;50;016.53041
UB 1096;25;4;50;016.669
UB 1096;25;4;50;016.548
UB 1096;25;4;50;016.549
UB 1096;25;4;25;016.62011
UB 1098;25;4;50;016.53042
UB 1098;25;4;50;016.53043
UB 1098;25;4;50;016.53044
UB 1102;100;2;50;016.52
UB 1104;25;4;25;016.5515
UB 1105;25;4;25;016.620192
UB 1107;25;4;25;016.530078
UB 1110 - UB 1399;100;2;50;530.03
UB 1400 - UB 1490;100;2;25;530.03
UB 1400;100;2;25;530.03
UB 1405;25;4;25;531.03
UB 1405;25;4;25;532.003
UB 1405;25;4;25;533.03
UB 1405;25;4;25;534.03
UB 1415;50;4;25;530.13303
UB 1415;50;4;25;536.03
UB 1420;25;4;25;535.03
UB 1420;25;4;25;537.03
UB 1420;25;4;25;530.1103
UB 1420;25;4;25;530.1403
UB 1430;100;2;25;530.1203
UB 1435;100;2;25;530.14403
UB 1440;50;4;25;539.603
UB 1440;50;4;25;539.703
UB 1445;100;2;25;539.703
UB 1450;100;2;25;539.7203
UB 1450;100;2;25;539.7603
UB 1455;100;2;25;530.4103
UB 1460;25;4;25;548.03
UB 1460;25;4;25;549.03
UB 1460;25;4;25;620.1103
UB 1460;25;4;25;669.03
UB 1470;25;4;25;530.4203
UB 1470;25;4;25;530.4303
UB 1470;25;4;25;530.4403
UB 1475;100;2;25;520.3
UB 1485;25;4;25;551.503
UB 1487;100;2;25;620.19203
UB 1490;50;4;25;530.07803
UB 1700;100;2;25;530.092
UB 1710 - UB 1999;100;2;25;530.092
UB 2005 - UB 2090;;;;
UB 2005;25;4;50;531.025
UB 2005;25;4;50;532.0025
UB 2005;25;4;50;533.025
UB 2005;25;4;50;534.025
UB 2015;50;4;50;530.133025
UB 2015;50;4;50;536.025
UB 2020;25;4;50;535.025
UB 2020;25;4;50;537.025
UB 2020;25;4;50;530.11025
UB 2020;25;4;50;530.14025
UB 2030;100;2;50;530.12025
UB 2035;100;2;50;530.144025
UB 2040;50;4;50;539.6025
UB 2040;50;4;50;539.7025
UB 2045;100;2;50;539.7025
UB 2050;100;2;50;539.72025
UB 2050;100;2;50;539.76025
UB 2055;100;2;50;530.41025
UB 2060;25;4;50;548.025
UB 2060;25;4;50;549.025
UB 2060;25;4;50;620.11025
UB 2060;25;4;50;669.025
UB 2070;25;4;50;530.42025
UB 2070;25;4;50;530.43025
UB 2070;25;4;50;530.44025
UB 2075;100;2;50;520.25
UB 2085;25;4;50;551.5025
UB 2088;100;2;50;620.192025
UB 2090;50;4;50;530.078025
UB 2300 - UB 2490;100;4;50;530.09
UB 2300;100;4;25;530.09
UB 2310;100;1;100;530.0901
UB 2320;100;1;100;530.0902
UB 2340;100;1;100;530.0903
UB 2360;25;3;100;530.09031
UB 2360;50;3;100;530.09032
UB 2360;50;3;100;530.09033
UB 2380;50;4;25;530.09034
UB 2380;50;4;25;530.0904
UB 2385;100;2;50;530.0904
UB 2405 - UB 2490;;;;
UB 2405;25;4;25;531.09
UB 2405;25;4;25;532.009
UB 2405;25;4;25;533.09
UB 2405;25;4;25;534.09
UB 2415;25;4;25;530.1309
UB 2415;25;4;25;536.09
UB 2420;25;4;25;535.09
UB 2420;25;4;25;537.09
UB 2420;25;4;25;530.1109
UB 2420;25;4;25;530.1409
UB 2430;100;2;25;530.1209
UB 2435;100;2;25;530.1209
UB 2440;50;4;25;539.609
UB 2440;50;4;25;539.709
UB 2445;100;2;25;539.709
UB 2450;100;2;25;539.7209
UB 2450;100;2;25;539.7609
UB 2455;100;2;25;530.4109
UB 2460;25;4;25;548.09
UB 2460;25;4;25;549.09
UB 2460;25;4;25;620.1109
UB 2460;25;4;25;669.09
UB 2470;25;4;25;530.4209
UB 2470;25;4;25;530.4309
UB 2470;25;4;25;530.4409
UB 2475 - UB 2484;100;2;50;520.9
UB 2475;100;2;50;520.9
UB 2476;100;2;25;520.901
UB 2476;100;2;50;520.935
UB 2477;100;2;25;520.901
UB 2477;100;1;100;520.938
UB 2478;100;1;100;520.902
UB 2479;100;1;100;520.903
UB 2480;100;1;100;520.9031
UB 2481;100;2;25;520.9032
UB 2482;100;2;25;520.9033
UB 2483;100;2;25;520.9034
UB 2484;100;2;50;520.904
UB 2485;25;4;25;551.509
UB 2487;100;2;25;620.19209
UB 2490;50;4;25;530.07809
UB 2502 - UB 2799;100;2;25;530.092
UB 2800;100;2;25;530
UB 2810 - UB 3099;100;2;25;530
UB 3100 - UB 3399;100;2;25;530.0922
UB 3410 - UB 3699;;;;
UB 3710 - UB 3999;;;;
UB 4010;100;2;25;001.40684
UB 4020;;;;
UB 4049 - UB 4060;100;1;100;530.071
UB 4049;100;2;50;530.071
UB 4050;100;1;100;530.0711
UB 4052;100;2;50;530.071
UB 4053;100;2;50;530.0712
UB 4056;100;2;50;530.0712
UB 4060;100;2;25;530.071
UB 4070 - UB 4079;100;2;50;530.071
UB 4070;100;2;25;530.071
UB 4071;50;4;25;530.0711
UB 4071;50;4;25;530.0715
UB 4072 - UB 4079;100;2;25;530.071
UB 4072;100;2;25;530.0712
UB 4073;100;2;25;530.0712
UB 4074;100;2;25;530.0715
UB 4075;100;2;25;530.0712
UB 4076;;;;
UB 4077;;;;
UB 4079;;;;
UB 4080;;;;
UB 4085;100;2;25;530.0711
UB 4090 - UB 4097;100;2;50;530.071
UB 4090;100;2;25;530.0711
UB 4091;50;4;25;530.0711
UB 4091;50;4;25;530.0715
UB 4092;100;2;25;530.0712
UB 4093;100;2;25;530.0712
UB 4094;100;2;25;530.0715
UB 4095;100;2;25;530.0712
UB 4096;;;;
UB 4097;;;;
UB 4100 - UB 4150;100;2;50;530.028
UB 4100;50;4;50;530.0284
UB 4100;100;2;50;530.7
UB 4150;100;2;50;530.0289
UB 5000 - UB 5340;100;4;25;530
UB 5000;100;4;25;500
UB 5020;100;4;25;530
UB 5040;25;4;25;531
UB 5040;25;4;25;532
UB 5040;25;4;25;533
UB 5040;25;4;25;534
UB 5060;25;4;25;530.13
UB 5060;25;4;25;536
UB 5080;25;4;25;535
UB 5080;25;4;25;537
UB 5080;25;4;25;530.11
UB 5080;25;4;25;530.14
UB 5100;100;4;25;530.12
UB 5120;100;4;25;530.12
UB 5140;50;4;25;539.6
UB 5140;50;4;25;539.7
UB 5160;100;4;25;539.7
UB 5180;100;4;25;539.72
UB 5180;100;4;25;539.76
UB 5200;100;4;25;530.41
UB 5220;25;4;25;669
UB 5220;25;4;25;548
UB 5220;25;4;25;549
UB 5220;25;4;25;620.11
UB 5240;25;4;25;530.42
UB 5240;25;4;25;530.43
UB 5240;25;4;25;530.44
UB 5260;100;4;25;520
UB 5280;25;4;25;551.5
UB 5290;100;4;25;620.192
UB 5300;50;4;25;530.078
UB 5340;100;4;25;530
UB 6000;100;1;100;530.01
UB 6500;100;2;50;530.01
UB 7000;100;2;25;530.01
UB 7500;100;2;25;530.01
UB 8000;100;2;25;530.01
UB 8500;100;2;25;530.01
UB 9000;100;2;25;530.01
UC;50;4;50;530.078
UC 100 - UC 299;50;2;50;530.078
UC 100 - UC 199;50;2;25;530.078
UC 200 - UC 299;50;2;25;530.078
UC 300;50;4;50;530.076
UC 400;100;4;25;530.078
UC 500;100;2;25;530.03
UC 550;100;2;25;530.03
UC 600;100;1;100;530.0285
UD;50;4;25;016
UF;25;3;100;531
UF;25;3;100;532
UF;25;3;100;533
UF;25;3;100;534
UF 1000;100;2;50;531
UF 1020;50;4;25;531.076
UF 1030;100;2;50;531.03
UF 1050;100;2;50;531.076
UF 1070;100;2;50;531.021
UF 1090;100;2;25;531
UF 1100 - UF 1199.99;100;2;25;531
UF 1200;100;2;25;531
UF 1500;100;1;100;620.103-620.107
UF 1570;100;2;50;620.103
UF 1590;100;2;25;620.103
UF 1610;50;4;50;620.1124
UF 1800;100;1;100;620.1121-620.1126
UF 1900;100;1;100;531.112
UF 1950;100;1;100;531.113
UF 2000;50;4;50;531.38
UF 2000;50;4;50;530.14
UF 3000;100;1;100;531.382
UF 3100;100;1;100;531.383
UF 3150;100;1;100;620.1126
UF 3200;50;4;50;531.382
UF 3200;25;4;25;536.4
UF 3300;25;4;25;620.11295
UF 3500;100;1;100;531.1134
UF 4000;50;3;100;532
UF 4000;50;3;100;533
UF 4050;100;2;25;532.05
UF 4100;25;3;100;532.0525
UF 4100;25;3;100;532.515
UF 4100;25;3;100;533.215
UF 4200;100;4;25;532.051
UF 4300;25;3;100;532.0527
UF 4300;25;3;100;532.517
UF 4300;25;3;100;533.217
UF 4500;100;2;25;532.5
UF 4500;25;4;25;627.125
UF 4700;100;1;100;533.62
UF 4750;50;4;50;533.27
UF 4750;50;4;50;629.132323
UF 4800;100;1;100;533.2
UF 5000 - UF 6900;100;1;100;534
UF 5000;100;1;100;534
UF 5100;50;4;50;530.14
UF 5200;100;1;100;620.3
UF 6000;100;2;50;534
UF 6200;100;1;100;534.2
UF 6300;100;1;100;534.55
UF 6310;50;4;25;616.0758
UF 6400;25;4;25;531.1133
UF 6400;25;4;25;531.33
UF 6400;25;4;25;532.0593
UF 6400;25;4;25;532.593
UF 6400;25;4;25;533.293
UF 6700;;;;
UF 6800;25;4;25;620.21
UF 6800;50;4;50;152.15
UF 6900;50;4;50;534
UF 6900;100;1;100;620.2
UG;50;3;100;530.13
UG;50;3;100;536
UG 1000;100;2;50;536
UG 1000;50;3;100;536.7
UG 1020;50;2;25;536.076
UG 1030;100;2;50;536.03
UG 1050;100;2;25;536.076
UG 1070;100;2;50;536.021
UG 1090;100;2;25;536
UG 1100 - UG 1199.99;100;2;25;536
UG 1200;25;4;25;541.369
UG 1200;25;4;25;551.522
UG 1300;100;1;100;533.7
UG 1300;25;4;25;533.2
UG 2000;;;;
UG 2300;100;1;100;530.138
UG 2500;100;1;100;536.2
UG 2600;100;1;100;536.23
UG 2700;100;1;100;536.25
UG 2800;100;1;100;536.3
UG 2850;25;4;25;693.832
UG 2900;25;4;25;530.475
UG 3000;50;3;100;536.73
UG 3100;100;1;100;530.13
UG 3500;50;3;100;530.132
UG 3700;;;;
UG 3800;50;3;100;530.474
UG 3900;50;3;100;515.39
UG 4000;100;1;100;530.133
UH 1000 - UH 4000;50;4;50;530.14
UH 1000 - UH 4000;25;3;100;537
UH 1000;100;2;50;537
UH 1020;50;4;25;537.076
UH 1030;100;2;50;537.03
UH 1050;100;2;25;537.076
UH 1070;100;2;50;537.021
UH 1090;100;2;25;537
UH 1100 - UH 1199.99;100;2;25;537
UH 2000;100;1;100;537.2
UH 2500;100;2;25;538
UH 3000;100;1;100;539.2
UH 3500;100;1;100;537.62
UH 4000;50;3;100;537.5
UH 5000 - UH 5500;100;1;100;535
UH 5000;100;1;100;535
UH 5020;50;4;25;535.076
UH 5030;100;2;50;535.03
UH 5050;100;2;25;535.076
UH 5070;100;2;50;535.021
UH 5080;100;1;100;535.32
UH 5090;100;2;25;535
UH 5100;100;2;25;535
UH 5200;100;1;100;535.42
UH 5250;100;1;100;535.326
UH 5300;100;1;100;535.4
UH 5320;100;1;100;535.323
UH 5350;100;1;100;535.52
UH 5400;50;3;100;535.47
UH 5400;50;4;50;535.84
UH 5420;50;4;50;535.84
UH 5450;100;1;100;621.3675
UH 5450;25;4;25;535.47
UH 5500;;;;
UH 5600 - UH 8700;50;4;50;535.15
UH 5600 - UH 8700;50;4;50;621.36
UH 5600 - UH 8700;25;4;25;621.38
UH 5600;50;4;50;535.15
UH 5600;50;4;50;621.36
UH 5600;25;4;25;621.38
UH 5610;100;1;100;621.366
UH 5615;100;1;100;621.3661
UH 5616;100;2;25;621.3661
UH 5618;100;2;25;621.3661
UH 5620;50;3;100;621.3662
UH 5620;50;4;50;621.3664
UH 5625;100;2;50;621.3664
UH 5628;100;2;25;621.3664
UH 5630;100;1;100;621.3663
UH 5632;100;2;50;621.362
UH 5635;50;4;25;621.361
UH 5635;50;4;25;621.366
UH 5638;50;4;25;621.361
UH 5638;50;4;25;621.366
UH 5640;100;1;100;621.381336
UH 5650;100;2;25;621.366
UH 5655;100;2;25;621.366
UH 5660;100;2;25;621.366
UH 5665;100;2;25;621.366
UH 5670;100;2;25;621.366
UH 5680;100;2;25;621.366
UH 5690;50;4;25;535.84
UH 5690;50;4;50;535.2
UH 5695;50;4;25;535.2
UH 5700;50;4;50;535.2
UH 5705;;;;
UH 5710;100;4;50;621.361
UH 5712;100;2;25;621.36
UH 5715;100;2;25;621.36
UH 5720 - UH 5790;100;2;25;621.366
UH 5720;100;2;25;621.366
UH 5721;50;4;50;543.5
UH 5723;50;4;25;615.83
UH 5723;50;3;100;617.058
UH 5800 - UH 5870;100;1;100;535.35
UH 5800;100;2;50;535.35
UH 5860;100;1;100;535.353
UH 5870;100;1;100;535.352
UH 5900;100;1;100;621.362
UH 5910 - UH 5950;100;2;25;621.362
UH 5955;100;2;25;621.362
UH 5960;100;2;25;621.362
UH 5965;100;2;25;621.362
UH 5970;50;4;50;778.34
UH 5975;50;4;25;621.362
UH 5975;50;4;50;621.3692
UH 6000;100;1;100;535.842
UH 6010;100;2;25;535.842
UH 6020;100;2;25;535.842
UH 6030;100;2;25;535.842
UH 6040;100;2;25;535.842
UH 6050;100;2;25;535.842
UH 6060;100;2;25;535.842
UH 6200;25;4;50;502.825
UH 6200;25;4;25;681.413
UH 6200;100;1;100;537.56
UH 6300;25;4;50;502.825
UH 6310;25;4;25;502.825
UH 6320;25;4;25;502.825
UH 6330;25;4;25;502.825
UH 6340;25;4;25;502.825
UH 6400;25;4;25;616.07572
UH 6450;25;4;25;616.075722
UH 6600;;;;
UH 6650;25;4;25;539.73
UH 6700;100;2;50;621.36
UH 6710;50;4;50;620.11295
UH 6900;25;4;50;522.62
UH 6900;25;4;25;535.220287
UH 6900;25;4;25;543.55
UH 7000;100;1;100;621.367
UH 7200;50;4;50;152.14
UH 7400;50;4;50;152.145
UH 7500;50;4;50;621.38275
UH 7500;25;4;25;621.391
UH 7500;25;3;100;621.39767
UH 7600;25;4;25;535.15
UH 7600;25;4;25;621.36
UH 8000 - UH 8700;100;1;100;530.11
UK;100;1;100;530.12
UK;25;4;50;539
UK 1000;100;2;50;530.12
UK 1020;50;4;25;530.12076
UK 1020;50;4;25;530.12078
UK 1030;100;2;50;530.1203
UK 1050;100;2;25;530.12076
UK 1070;100;2;50;530.12021
UK 1090;100;2;25;530.12
UK 1100 - UK 1199.99;100;2;25;530.12
UK 1200;50;4;50;530.120151
UK 1250;50;4;50;530.120151542
UK 1250;50;4;50;530.801
UK 1300;100;1;100;530.1209
UK 1400;100;2;50;530.12
UK 2000 - UK 8700;50;4;50;530.120151
UK 2000;50;4;50;530.120151
UK 3000;100;1;100;530.12015122
UK 3500;50;4;50;539.725
UK 4000;100;1;100;530.12015114
UK 4500;50;4;50;530.120151543
UK 7500;50;4;50;539.758
UK 7600;;;;
UK 7800;50;4;50;535.12
UK 7800;50;4;25;539.75
UL;100;1;100;530.144
UL 1000;100;2;50;530.144
UL 1020;50;4;25;530.144076
UL 1020;50;4;25;530.144078
UL 1030;100;2;50;530.14403
UL 1050;100;2;50;530.144076
UL 1070;100;2;50;530.144021
UL 1090;100;2;25;530.144
UL 1100 - UL 1199.99;100;2;25;530.144
UL 2000;50;4;50;530.13301530144
UL 2000;50;4;25;539.721
UL 3000;100;2;25;530.144
UL 3100;100;2;25;530.144
UL 4000;50;4;25;539.721
UL 5000;100;2;25;530.144
UL 6000;100;2;25;530.144
UM;50;3;100;539.6
UM;50;4;50;539.7
UM 1000;50;3;100;539.6
UM 1000;50;4;50;539.7
UM 1020;25;4;25;539.6076
UM 1020;25;4;25;539.7076
UM 1030;25;4;25;539.603
UM 1030;25;4;25;539.703
UM 1050;25;4;25;539.6076
UM 1050;25;4;25;539.7076
UM 1070;25;4;25;539.6021
UM 1070;25;4;25;539.7021
UM 1090;50;4;25;539.6
UM 1090;50;4;25;539.7
UM 1100 - UM 1199.99;100;2;25;539.6
UM 1100 - UM 1199.99;100;2;25;539.7
UM 1200;50;4;50;539.72112
UM 1200;50;4;50;541.224
UM 1300;;;;
UM 1400;50;4;50;539.60287
UM 1400;25;4;50;539.60724
UM 1400;50;4;50;539.70287
UM 1400;25;4;50;539.70724
UM 1500;25;4;25;539.6
UM 1500;25;4;25;539.7
UM 2000 - UM 2900;100;2;50;539.7
UM 2000;100;2;50;539.7
UM 2100;50;4;25;539.7028
sourcenotation;x;y;z;targetnotation
UM 2100;50;4;25;539.70724
UM 2110;50;4;50;541.242
UM 2130;25;4;25;541.2401537
UM 2130;25;4;50;541.24015383
UM 2140;100;2;25;539.7
UM 2160;100;2;25;539.7
UM 2200 - UM 2590;50;4;50;543.5
UM 2200 - UM 2590;50;4;50;543.6
UM 2200;50;4;50;543.5
UM 2200;50;4;50;543.6
UM 2220;25;4;25;621.361
UM 2240;25;4;25;621.361
UM 2260;25;4;25;621.361
UM 2260;50;4;50;543.57
UM 2265;25;4;25;621.361
UM 2280;25;4;25;621.361
UM 2300;;;;
UM 2350;100;1;100;543.52
UM 2400;50;4;25;543.59
UM 2500;50;4;50;530.444
UM 2510;50;4;25;530.444
UM 2520;50;4;25;530.444
UM 2530;50;4;25;530.444
UM 2550;50;4;25;530.444
UM 2590;50;4;25;530.444
UM 2900;100;2;25;539.7
UM 3000 - UM 6000;100;1;100;539.6
UM 3000;100;1;100;539.6
UM 3100;50;4;50;539.60724
UM 3110;100;1;100;541.22
UM 3120;50;4;50;541.222
UM 3130;25;4;25;539.601537
UM 3130;50;4;50;539.6015383
UM 3140;100;2;25;539.6
UM 3150;;;;
UM 3160;100;2;25;539.12
UM 3165;100;2;25;539.12
UM 3170;100;2;;539.12
UM 3175;100;2;;539.12
UM 3180;100;2;;539.12
UM 3181;100;2;;539.12
UM 3185;100;2;;539.12
UM 3190;100;2;;539.12
UM 3195;100;2;;539.12
UM 3200 - UM 6000;50;4;50;543.54
UM 3200;50;4;50;543.54
UM 3220;25;4;25;621.361
UM 3240;25;4;25;621.361
UM 3260;25;4;25;621.361
UM 3260;50;4;50;543.57
UM 3265;25;4;25;621.361
UM 3270;25;4;25;621.361
UM 3280;25;4;25;621.361
UM 3300;50;4;50;543.57
UM 3400;50;4;25;543.59
UM 3500;100;1;100;543.66
UM 3600;50;4;50;543.66
UM 3700;50;4;50;543.67
UM 3800;50;4;25;543.6
UM 4000;50;4;25;543.6
UM 4100;50;4;25;543.5
UM 4200;50;2;50;543.54
UM 4250;50;2;25;543.54
UM 4300;50;2;25;543.54
UM 4350;50;2;25;543.54
UM 4000;50;4;25;543.501530444
UM 5000;25;4;25;537.56
UM 6000;100;2;25;539.6
UN;100;2;50;539.7
UN 1000;100;2;50;539.7
UN 1020;50;4;25;539.7076
UN 1030;100;2;50;539.703
UN 1050;100;2;25;539.7076
UN 1070;100;2;50;539.7021
UN 1090;100;2;25;539.7078
UN 1100 - UN 1199.99;100;2;25;539.7
UN 1200 - UN 1800;50;4;50;539.72
UN 1200 - UN 1800;50;4;50;539.74
UN 1200 - UN 1800;50;4;50;539.75
UN 1200;50;4;50;539.72
UN 1200;50;4;50;539.74
UN 1200;50;4;50;539.75
UN 1210 - UN 1300;100;1;100;539.725
UN 1350;100;2;25;539.74
UN 1400;100;1;100;539.7548
UN 1410;100;4;50;539.72162
UN 1420;100;2;25;539.75
UN 1450;100;2;25;539.72
UN 1500 - UN 1580;100;1;100;539.74
UN 1500;100;1;100;539.74
UN 1510;100;1;100;539.743
UN 1520;100;1;100;539.742
UN 1530;100;4;50;539.74015122
UN 1540;100;2;25;539.74
UN 1550;100;2;50;539.74015114
UN 1555;100;2;25;539.74
UN 1560;100;2;25;539.74
UN 1570;100;2;25;539.74
UN 1580;100;2;25;539.74
UN 1600;50;4;50;539.7216
UN 1700;100;2;25;539.74
UN 1800;25;4;25;539.7234
UN 1900;50;3;100;539.752
UN 1900;50;3;100;539.753
UN 1900;50;4;50;539.77
UN 2000 - UN 2110;50;3;100;539.7544
UN 2000 - UN 2110;50;3;100;539.7546
UN 2000;50;3;100;539.7544
UN 2000;50;3;100;539.7546
UN 2010;100;2;50;539.7546
UN 2100;100;5;50;539.7546
UN 2110;100;1;100;539.7544
UN 2500 - UN 2595;50;4;50;539.758
UN 3000 - UN 3010;50;4;50;539.758
UN 3020;100;1;100;539.756
UN 3030;100;2;25;539.75
UN 3030;50;4;50;539.7211
UN 3040;100;2;25;539.75
UN 3040;50;4;25;539.72112
UN 3040;50;4;50;539.7214
UN 3050;100;2;25;539.75
UN 3050;50;4;50;539.72114
UN 3060;100;2;25;539.75
UN 3060;50;4;25;539.7215
UN 3100;100;2;25;539.75
UN 3100;50;4;25;539.7212
UN 3110;100;2;25;539.75
UN 3110;50;4;25;539.72123
UN 3120;100;2;25;539.75
UN 3120;50;4;25;539.72123
UN 3130;100;2;25;539.75
UN 3130;50;4;25;539.7213
UN 3140;100;2;25;539.75
UN 3140;50;4;25;539.7212
UN 3150;100;2;25;539.75
UN 3200;100;2;25;539.75
UN 3200;50;4;25;539.723
UN 3210;100;2;25;539.75
UN 3210;50;4;25;539.723
UN 3220;100;2;25;539.75
UN 3220;50;4;25;539.723
UN 3300;100;2;25;539.75
UN 3300;50;4;25;539.7234
UN 3310;100;2;25;539.75
UN 3310;50;4;25;539.7234
UN 3320;100;2;25;539.75
UN 3320;50;4;25;539.7234
UN 3330;100;2;25;539.75
UN 3330;50;4;25;539.7234
UN 3340;100;2;25;539.75
UN 3340;50;4;25;539.7234
UN 3350;100;2;25;539.75
UN 3350;50;4;25;539.7234
UN 3360;100;2;25;539.758
UN 3360;50;4;25;539.7234
UN 3370;100;2;25;539.758
UN 3370;50;4;25;539.7234
UN 3400;100;2;25;539.75
UN 3400;25;4;25;539.72114
UN 3400;25;4;25;539.72162
UN 3400;25;4;25;539.72164
UN 3410;100;2;25;539.758
UN 3410;50;4;25;539.72162
UN 3420;100;2;25;539.75
UN 3420;25;4;25;539.72162
UN 3420;25;4;25;539.72164
UN 3430;100;2;25;539.75
UN 3500 - UN 3600;100;1;100;539.762
UN 3500;100;1;100;539.762
UN 3510;100;2;50;539.762
UN 3520;100;2;25;539.762
UN 3520;50;4;25;539.7213
UN 3530;100;2;25;539.762
UN 3530;50;4;25;539.721
UN 3530;50;4;25;539.723
UN 3540;100;2;25;539.762
UN 3540;50;4;25;539.7217
UN 3550;100;2;25;539.762
UN 3550;50;4;25;539.7234
UN 3600;100;2;25;539.762
UN 3700;100;2;25;539.75
UN 4000;100;2;50;539.725
UN 5000 - UN 5700;100;1;100;621.48
UN 5000;100;1;100;621.48
UN 5100;100;1;100;621.4831
UN 5110 - UN 5130;100;1;100;621.4832
UN 5110;100;1;100;621.4833
UN 5120;100;1;100;621.48336
UN 5310;100;2;25;621.483
UN 5200;100;1;100;621.4835
UN 5210;100;2;50;621.4835
UN 5220;100;2;50;621.4835
UN 5230;100;1;100;621.48335
UN 5240;100;1;100;621.4838
UN 5300;100;1;100;621.4834
UN 5310;100;2;25;621.4834
UN 5320;100;2;25;621.4834
UN 5330;100;2;25;621.4834
UN 5340;100;2;25;621.4834
UN 5350;100;2;25;621.4834
UN 5360;100;2;25;621.4834
UN 5370;100;2;25;621.4834
UN 5400;100;2;25;621.483
UN 5500;50;4;50;621.48335
UN 5500;50;4;50;621.4837
UN 5510;50;4;25;621.48335
UN 5510;50;4;25;621.4837
UN 5520;50;4;25;621.48335
UN 5520;50;4;25;621.4837
UN 5530;50;4;25;621.48335
UN 5530;50;4;25;621.4837
UN 5600;100;1;100;355.825119
UN 5650;100;1;100;621.48323
UN 5700;100;2;25;621.48
UN 6000;100;2;25;539.7
UN 6100 - UN 6250;100;1;100;539.73
UN 6100;100;1;100;539.73
UN 6110;100;2;25;539.73
UN 6120;100;1;100;539.732
UN 6130;100;2;50;539.733
UN 6150;100;2;50;539.73
UN 6160;100;2;50;539.734
UN 6170;100;2;50;539.733
UN 6180;100;2;50;539.735
UN 6190;100;2;50;539.735
UN 6200;100;2;25;539.73
UN 6250;100;2;25;539.73
UN 6300;100;2;25;539.73
UN 6400;50;4;25;537.56
UN 6410;50;4;25;537.56
UN 6420;50;4;25;537.56
UN 6430;25;4;25;621.3673
UN 6440;25;4;25;539.752
UN 6440;25;4;25;539.753
UN 6500;25;4;25;537.56
UN 6600;;;;
UN 6700;50;4;50;539.744
UN 6710;50;4;25;539.744
UN 6720;50;4;25;539.744
UN 7000 - UN 7900;100;1;100;539.77
UN 7000;100;1;100;539.77
UN 7100;50;4;50;612.014480287
UN 7200;100;2;50;539.77
UN 7300;100;2;25;539.77
UN 7310;100;2;25;539.77
UN 7320;100;2;25;539.77
UN 7330;100;2;25;539.77
UN 7340;100;2;25;539.77
UN 7350;100;2;25;539.77
UN 7400;50;4;25;613.62
UO;50;3;100;539.72
UO;50;3;100;539.76
UO 1000 - UO 1199.99;100;1;100;539.72
UO 1000;100;1;100;539.72
UO 1020;50;4;25;539.72076
UO 1030;100;2;50;539.7203
UO 1050;100;2;25;539.72076
UO 1070;100;2;50;539.72021
UO 1090;100;2;25;539.72
UO 1100 - UO 1199.99;100;2;25;539.72
UO 1500 - UO 1590;100;2;50;539.725
UO 2000;25;4;25;539.758
UO 2500;;;;
UO 2600 - UO 2650;;;;
UO 2700 - UO 2760;;;;
UO 2800 - UO 2820;;;;
UO 3000 - UO 3090;;;;
UO 4000 - UO 4100;100;2;50;530.14
UO 4000 - UO 4100;50;3;100;530.143
UO 4000;100;2;50;530.14
UO 4000;50;3;50;530.143
UO 4010;50;4;50;530.14015113
UO 4010;50;4;50;530.143015113
UO 4020;50;4;50;530.140151539
UO 4020;50;4;50;530.1430151539
UO 4030;25;4;25;530.14015152432
UO 4040;25;4;25;530.1401515355
UO 4050;;;;
UO 4060;100;1;100;530.1435
UO 4065;100;1;100;539.7258
UO 4070;50;4;25;539.72
UO 4080;100;2;25;530.14
UO 4090;100;2;25;530.14
UO 4100;100;2;25;530.14
UO 5000 - UO 5590;50;4;50;539.754
UO 5000;50;4;50;539.754
UO 5100 - UO 5190;50;4;50;539.7544
UO 5200;50;4;50;539.7546
UO 5210;50;4;25;539.7546
UO 5220;50;4;25;539.7546
UO 5230;50;4;25;539.7546
UO 5240;50;4;25;539.7546
UO 5300 - UO 5490;50;4;50;539.7548
UO 5500 - UO 5590;50;4;50;539.7544
UO 5600 - UO 5690;100;1;100;530.1433
UO 5700;100;2;50;539.7548
UO 5800;100;1;100;530.142
UO 5900;100;1;100;530.1423
UO 5900;50;4;50;539.754
UO 6000;100;1;100;539.721
UO 6100 - UO 6190;100;1;100;539.72164
UO 6100;100;1;100;539.72164
UO 6110;100;1;100;539.7213
UO 6120;100;1;100;539.72123
UO 6130;100;2;25;539.72164
UO 6140;100;2;25;539.72164
UO 6190;100;2;25;539.72164
UO 6200 - UO 6290;100;1;100;539.72162
UO 6300 - UO 6390;100;1;100;539.7211
UO 6300;100;1;100;539.7211
UO 6310;100;1;100;539.72112
UO 6320;100;1;100;539.7214
UO 6330;100;1;100;539.72114
UO 6340;100;1;100;539.7215
UO 6390;100;2;25;539.7211
UO 6400 - UO 6490;100;2;25;539.721
UO 6400;100;2;25;539.721
UO 6420;100;2;25;539.721
UO 6430;;;;
UO 6440;100;1;100;539.7217
UO 6450;;;;
UO 6490;100;1;25;539.721
UO 9500;100;1;100;539.7223
UP 1000 - UQ 5600;100;1;100;530.41
UP 1000;100;1;100;530.41
UP 1020;50;4;50;530.41076
UP 1030;100;2;50;530.4103
UP 1050;100;2;25;530.41076
UP 1070;100;2;50;530.41021
UP 1090;100;2;25;530.41
UP 1100 - UP 1199.99;100;2;25;530.41
UP 1200;100;1;100;530.410151223
UP 1300;100;2;50;530.410151
UP 1400;100;2;25;530.416
UP 1410;100;2;25;530.416
UP 1420;100;2;25;530.416
UP 1500;50;3;100;530.411
UP 1500;50;4;25;530.416
UP 1500;50;4;50;548.81
UP 1800;100;1;100;534.55
UP 2000;50;4;25;539.7213
UP 2100;100;2;25;530.411
UP 2200;100;1;100;537.623
UP 2300;100;1;100;536.56
UP 2500;;;;
UP 2800 - UP 3400;100;1;100;537.622
UP 2800;100;1;100;537.622
UP 2850;100;2;50;537.622076
UP 2900;100;2;50;537.622021
UP 3000;100;2;25;530.416
UP 3050;25;4;25;621.38152
UP 3050;25;4;25;537.6226
UP 3100;100;1;100;537.6223
UP 3150;100;2;25;537.6223
UP 3160;100;2;25;537.6223
UP 3200;100;1;100;537.6225
UP 3250;25;4;25;537.6226
UP 3300;50;4;50;548.8
UP 3400;50;4;50;546.6
UP 3600 - UP 4400;100;2;50;530.416
UP 4500 - UP 5500;100;2;50;530.412
UP 4500;100;2;50;530.412
UP 4600;100;2;50;537.24
UP 4610;;;;
UP 4700;100;2;50;537.2448
UP 4900;100;2;50;537.2446
UP 5000;50;4;50;537.62
UP 5010;25;4;25;530.416
UP 5020;25;4;25;530.416
UP 5050;100;2;25;537.62
UP 5060;50;4;25;537.6225
UP 5070;50;4;50;530.415
UP 5100;50;4;50;537.65
UP 5110;100;2;50;537.6226
UP 5200;100;2;50;536.2012
UP 5300;100;2;50;537.54
UP 5400;100;1;100;537.65
UP 5450;100;2;50;537.54
UP 5500;50;4;25;537.53
UP 6000 - UP 6900;100;1;100;538
UP 6000;100;1;100;538
UP 6050;100;2;50;538.076
UP 6070;100;2;50;538.021
UP 6100;100;1;100;538.42
UP 6200;100;1;100;538.43
UP 6300;50;3;100;538.44
UP 6300;50;3;100;538.45
UP 6400;;;;
UP 6500;;;;
UP 6700;;;;
UP 6800;25;4;25;620.11297
UP 6900;;;;
UP 7500 - UP 7990;50;3;100;530.417
UP 7500 - UP 7990;50;3;100;530.427
UP 7500;50;3;100;530.417
UP 7500;50;3;100;530.427
UP 7550;100;2;25;621.3815
UP 7560;100;2;25;621.3815
UP 7570;100;2;25;621.3815
UP 7580;100;2;25;621.3815
UP 7590;100;2;25;621.3815
UP 7610;100;2;25;530.417
UP 7620;100;2;25;530.417
UP 7630;100;2;25;530.417
UP 7640;100;2;50;530.427
UP 7700;50;4;25;530.417
UP 7700;50;4;25;530.427
UP 7750;50;4;25;530.4175
UP 7750;50;4;25;530.427
UP 7800;50;4;25;530.4175
UP 7800;50;4;25;530.427
UP 7990;50;4;25;530.417
UP 7990;50;4;25;530.427
UP 8000 - UP 9500;50;4;25;530.417
UP 8000 - UP 9500;50;4;25;530.427
UQ 1000 - UQ 5600;100;1;100;548
UQ 1000;50;3;100;548.078
UQ 1000;50;3;100;549.078
UQ 1020;25;4;25;548.076
UQ 1020;25;4;25;549.076
UQ 1030;50;4;50;548.03
UQ 1030;50;4;50;549.03
UQ 1050;50;4;25;548.076
UQ 1050;50;4;25;549.076
UQ 1090;50;4;25;548
UQ 1090;50;4;25;549
UQ 1100 - UQ 1199.99;50;4;25;548
UQ 1100 - UQ 1199.99;50;4;25;549
UQ 1200;100;1;100;548.81
UQ 1220;100;2;25;548.810222
UQ 1225;100;2;25;548.0222
UQ 1250;100;2;25;548.810151633
UQ 1300;100;2;50;548.81015161
UQ 1350;100;2;50;548.81015122
UQ 2000 - UQ 2800;100;1;100;548.5
UQ 3000 - UQ 3600;100;1;100;548.3
UQ 4000 - UQ 4640;50;4;50;548.8
UQ 4000 - UQ 4640;50;4;50;548.9
UQ 4000;100;2;50;548.8
UQ 4100;100;2;50;548.84
UQ 4200;;;;
UQ 4300;100;1;100;548.86
UQ 4500;100;1;100;548.9
UQ 4600;100;2;50;548.9021
UQ 4620;100;2;25;548.9078
UQ 4640;100;2;25;548.9022
UQ 5000 - UQ 5600;100;1;100;548.83
UQ 5000;100;1;100;548.83
UQ 5050;100;2;50;548.81021
UQ 5100;100;2;50;548.8307
UQ 5200;100;2;25;548.83
UQ 5300;100;1;100;548.7
UQ 5400;100;2;25;548.83
UQ 5500;25;4;25;543.62
UQ 5550;25;4;25;543.6
UQ 5600;25;4;25;543.62
UQ 6000 - UQ 6800;100;1;100;549
UQ 6000;100;1;100;549
UQ 6100;100;1;100;549.1
UQ 6120;100;2;25;549.1022
UQ 6140;25;4;25;553.8
UQ 6200;50;4;50;549.13
UQ 6250;50;4;50;549.12
UQ 6300;50;4;25;549.4
UQ 6300;50;3;100;549.6
UQ 6400;100;1;100;551.9
UQ 6800;100;2;25;549
UQ 7000 - UQ 7740;50;4;50;546.3
UQ 7000 - UQ 7740;25;3;100;549.23
UQ 7000 - UQ 7740;50;4;50;669
UQ 7000;50;4;50;669
UQ 7020;50;4;50;669.9
UQ 7040;50;4;50;669.078
UQ 7050;50;4;25;669.95022
UQ 7100;50;4;50;669.07
UQ 7200;50;4;50;669.021
UQ 7250;100;2;25;669.94
UQ 7300;100;2;50;669.94
UQ 7320;100;1;100;669.92
UQ 7340;25;4;25;620.11292
UQ 7360;25;4;25;669.94
UQ 7380;;;;
UQ 7400;25;4;25;620.1126
UQ 7400;25;4;25;620.11292
UQ 7500;25;4;25;620.11223
UQ 7520;100;1;100;671.37
UQ 7600;100;1;100;669.96
UQ 7720;;;;
UQ 7740;;;;
UQ 8000 - UQ 8800;100;1;100;620.11
UQ 8000;100;1;100;620.11
UQ 8010;100;1;100;620.112
UQ 8025;100;1;100;620.11292
UQ 8050;100;2;25;620.11
UQ 8100;100;2;25;620.11
UQ 8200;50;4;50;620.12-620.19
UQ 8300;100;1;100;620.117
UQ 8320;100;1;100;620.197
UQ 8400;;;;
UQ 8420;100;1;100;620.118
UQ 8440;50;4;25;620.11292
UQ 8500;100;1;100;620.14
UQ 8520;100;2;25;620.14
UQ 8600;100;1;100;620.144
UQ 8700;25;4;25;530.429
UQ 8750;;;;
UQ 8800;25;4;25;530.413
UQ 8800;25;4;25;620.116
UR;50;3;100;530.42
UR;50;3;100;530.43
UR;50;3;100;530.44
UR 1000;100;1;100;530.42
UR 1020;100;2;50;530.42076
UR 1030;100;2;50;530.4203
UR 1050;100;2;25;530.42076
UR 1090;100;2;25;530.42
UR 1100;100;2;25;530.42
UR 1500;100;2;50;530.42015118
UR 1600;50;4;25;530.475
UR 1800;50;4;25;535.43
UR 2000;100;2;25;530.42
UR 2900;100;2;25;530.42
UR 3000;100;2;25;530.42
UR 4400;100;1;100;530.427
UR 4500;100;2;50;530.427
UR 4600;25;4;25;537.62
UR 4700;25;4;25;537.24
UR 4800;25;4;25;538.4
UR 5000 - UR 7000;100;1;100;530.43
UR 5000;100;1;100;530.43
UR 5020;100;2;50;530.43076
UR 5030;100;2;50;530.4303
UR 5090;100;2;25;530.43
UR 5100;100;2;25;530.43
UR 5500;100;2;50;533.293
UR 5600;100;2;25;533.2
UR 5700;100;1;100;530.435
UR 5700;50;4;25;533.28
UR 5800;25;4;25;541.361
UR 6000;25;3;100;537.532
UR 6000;50;3;100;530.444
UR 7000;100;1;100;538.6
UR 8000 - UR 9000;100;1;100;530.44
UR 8000;100;1;100;530.44
UR 8200;100;2;25;530.44
UR 8300;25;4;25;533.293
UR 8500;;;;
UR 9000;50;4;50;539.764
UR 9000;50;4;50;621.484
US;100;1;100;520
US 1000;100;1;100;520
US 1020;100;2;50;520.76
US 1030;100;2;50;520.3
US 1040;50;4;50;520.212
US 1050;100;2;50;520.76
US 1090;100;2;25;520
US 1100 - US 1199.99;100;2;25;520
US 1200;100;1;100;521
US 1250;100;2;25;521.3
US 1400 - US 1900;100;1;100;522.1-522.6
US 1400;100;2;50;522
US 1420;100;2;50;520.22
US 1450;100;1;100;522.1
US 1480;100;1;100;522.2
US 1500;100;2;50;522.6
US 1550;100;2;25;522.6
US 1650;100;2;50;522.682
US 1650;100;2;50;522.6863
US 1700;100;2;25;522
US 1800;100;2;25;522
US 1810;100;2;25;522
US 1850;100;2;50;520.22
US 1900;100;1;100;526.6
US 2000;50;3;100;523.01
US 2000;50;3;100;523.1
US 2200;50;4;25;523.01
US 2200;25;4;25;523.8875
US 3100 - US 3600;100;2;50;523.11
US 3100;100;1;100;523.112
US 3200;100;1;100;523.113
US 3300;100;1;100;523.1125
US 3400;100;1;100;523.1135
US 3500;100;1;100;523.01886
US 3600;100;1;100;523.019764
US 4000 - US 5600;100;1;100;523.8
US 4000;100;1;100;523.8
US 4040;100;1;100;522.67
US 4100;;;;
US 4200;;;;
US 4500 - US 5600;100;3;50;523.84
US 4500 - US 5600;100;3;50;523.88
US 4500;100;2;50;523.8446
US 4600;100;1;100;523.84465
US 4700;100;2;25;523.88
US 4800;100;2;25;523.88
US 4900;100;2;50;523.887
US 4950;100;1;100;523.8874
US 5000;100;1;100;523.841
US 5200;50;4;50;523.844
US 5200;50;4;50;523.8874
US 5400;100;1;100;523.115
US 5600;100;2;25;523.8
US 6000 - US 6700;100;1;100;523.3-523.7
US 6000;100;2;50;523.2
US 6100;100;2;50;523.7
US 6100;50;3;100;523.73
US 6200;100;2;50;523.72
US 6300;50;4;50;523.75
US 6400;100;2;50;523.75
US 6500;100;2;25;523.72
US 6530;50;4;50;523.74
US 6600;100;2;25;523.75
US 6700;100;1;100;523.58
US 7200;100;2;50;523.1135
US 7500;100;2;25;523.1135
US 8000 - US 8910;100;1;100;523.4
US 8000;100;1;100;523.4
US 8030;100;2;50;551.509992
US 8040;100;1;100;538.76609992
US 8100;100;1;100;523.41
US 8150;100;1;100;523.42
US 8200;100;1;100;525
US 8300 - US 8340;100;1;100;523.3
US 8300;100;1;100;523.3
US 8320;100;2;25;523.3
US 8325;100;2;50;523.3022
US 8340;100;2;25;523.3
US 8400;100;1;100;523.43
US 8420;100;1;100;523.44
US 8500;100;1;100;523.45
US 8550;100;1;100;523.46
US 8600;100;1;100;523.47
US 8650;100;1;100;523.81
US 8700;100;1;100;523.82
US 8750;100;2;25;523.8
US 8800;100;1;100;523.6
US 8900;100;2;50;523.5
US 8910;100;2;25;523.5
US 9000 - US 9600;100;1;100;629.4
US 9000;100;1;100;629.4
US 9400;100;1;100;629.45
US 9500;100;1;100;629.47
US 9600;100;1;100;629.4743
UT 1000 - UT 2970;100;2;50;550
UT 1000 - UT 1300;100;2;50;550
UT 1000;100;2;50;550
UT 1050;100;2;25;550
UT 1100;100;2;25;550.9
UT 1150;50;4;25;550.151
UT 1150;50;4;25;550.28
UT 1200;100;2;25;550
UT 1300;100;2;25;550
UT 1400 - UT 2250;100;2;25;551
UT 1400;100;2;25;551
UT 1500;100;1;100;551.7
UT 1550;100;1;100;551.1
UT 1600;100;1;100;525.3
UT 1650;50;4;50;531.14
UT 1700;;;;
UT 1800;100;1;100;551.22
UT 1900;25;4;25;539.752
UT 1950;100;2;50;551.12
UT 2000;;;;
UT 2100;100;1;100;538.7
UT 2150;50;4;50;551.7
UT 2200;25;4;25;551.11
UT 2250;100;1;100;551.136
UT 2300 - UT 2850;50;4;50;622.15
UT 2300;50;4;50;622.15
UT 2350;50;4;50;526.7
UT 2350;50;4;50;622.152
UT 2400;50;4;50;538.7
UT 2400;50;4;50;622.153
UT 2450;50;4;50;622.154
UT 2500;50;4;50;622.1592
UT 2550;50;4;25;622.159
UT 2600;50;4;25;622.159
UT 2650;;;;
UT 2700;25;4;25;621.3678
UT 2750;;;;
UT 2800;;;;
UT 2850;;;;
UT 2900 - UT 2970;;;;
UT 2900;100;2;25;550
UT 2910;100;2;50;554
UT 2920;100;2;50;555
UT 2930;100;2;50;556
UT 2940;100;4;50;557
UT 2940;100;4;50;558
UT 2950;100;2;50;559.4
UT 2960;100;2;50;559.8
UT 2970;100;2;25;551.46
UT 3000 - UT 4800;100;2;50;551.46
UT 3000 - UT 4800;25;4;50;551.48
UT 3000;50;4;50;551.46
UT 3100;25;4;50;551.462
UT 3100;25;4;50;551.463
UT 3100;25;4;50;551.464
UT 3500;25;4;50;551.4653
UT 3900;50;4;50;551.4654
UT 4300;50;4;50;551.4655
UT 4700;;;;
UT 4800;50;4;50;551.5246
UT 5000 - UT 9800;100;1;100;551.5
UT 5000 - UT 5090;100;1;100;551.5
UT 5000;100;1;100;551.5
UT 5030;100;2;25;551.5
UT 5050;100;2;25;551.505
UT 5080;100;2;25;551.509
UT 5090;100;2;25;551.5
UT 5100 - UT 6600;100;2;50;551.5
UT 5100;100;2;50;551.5
UT 5150;100;2;25;551.513
UT 5200;100;1;100;551.513
UT 5250;100;1;100;551.514
UT 5300;100;1;100;551.5142
UT 5400;100;1;100;551.5145
UT 5500;100;2;25;551.5145
UT 6000;100;1;100;551.515
UT 6100;50;3;100;551.57
UT 6100;50;3;100;551.52
UT 6400;;;;
UT 6500;50;2;100;551.56
UT 6500;100;3;50;551.565
UT 6600;50;2;100;551.56
UT 6600;100;3;50;551.563
UT 8000 - UT 8600;100;1;100;551.63
UT 8000;100;1;100;551.63
UT 8100;100;1;100;551.635
UT 8200;;;;
UT 8500;100;1;100;551.636
UT 8600;100;2;50;551.609
UT 8700 - UT 8950;100;2;50;551.6
UT 8700;100;2;50;551.6
UT 8800;100;1;100;551.62
UT 8850;100;2;50;551.609
UT 8900;;;;
UT 8950;;;;
UT 9000 - UT 9800;100;1;100;551.511
UT 9000;100;1;100;551.511
UT 9100;100;1;100;551.5113
UV;100;1;100;620.192
UX;100;1;100;530.078
UX 1100;100;1;100;530.8
UX 1200;100;1;100;530.81
UX 1300;100;2;50;530.078
UX 1320;100;2;50;535.078
UX 1380;100;2;25;530.078
UX 1400;100;2;25;530.7
UX 1450;50;4;50;621.8
UX 1500;50;4;50;533.5
UX 1500;100;1;100;621.55
UX 2000;50;4;50;621.4
UX 2100;50;4;50;537.5
UX 2100;50;4;50;621.381
UX 2150;100;2;50;621.3815
UX 2200;100;1;100;621.38153
UX 2250;100;1;100;621.381534
UX 2300;100;2;25;621.382
UX 2350;100;2;25;621.381
UX 2500;50;3;100;621.3813
UX 2500;50;3;100;621.382
UX 3000;;;;
UX 3300;100;1;100;621.56
UX 3600;50;4;50;536.57
UX 3600;25;4;25;660.29687
UX 6000;;;;
UX 9000;100;1;100;629.8
